univiersities,carrera,inscription_dates,names,sexo,fechas_nacimiento,direcciones,email,localidad
-universidad-abierta-interamericana,Licenciatura-en-producción-de-bioimagenes,2021-01-21,Tyrone-roberts,M,04/Jan/26,"23357-hall-mountains
charlesland,-wy-26886",Millerrandall@gmail.com,Barra-bonita
-universidad-abierta-interamericana,Medicina,2020-10-21,David-wallace,M,41/Jul/24,"91995-nunez-mission-apt.-610
north-andrew,-ak-64150",Wjohnson@yahoo.com,Betbeder
-universidad-abierta-interamericana,Farmacia,2020-12-20,Brandon-carter,M,86/May/30,"3007-austin-mill
harrisborough,-tx-54035",Reedaustin@yahoo.com,Alcorta
-universidad-abierta-interamericana,Farmacia,2020-10-19,Jessica-patel,F,84/Sep/28,"3789-dunlap-haven
west-robert,-nc-60568",Williamselizabeth@hotmail.com,Cañada-seca
-universidad-abierta-interamericana,Diseño-de-imagen-y-sonido,2020-12-20,Joshua-wheeler,M,76/Dec/12,"462-garrett-pike-apt.-829
evansborough,-fl-73273",Fgarza@yahoo.com,Berabevu
-universidad-abierta-interamericana,Licenciatura-en-sociología-,2020-12-21,Latasha-houston,F,06/Apr/04,"243-glen-streets
ryanton,-il-86830",Gwright@hotmail.com,Lehmann
-universidad-abierta-interamericana,Diseño-industrial,2020-10-20,Sean-lindsey,M,62/Aug/24,"562-stacy-parks
lake-josephton,-nm-43611",Mmiles@hotmail.com,Balneario-los-angeles
-universidad-abierta-interamericana,Ingeniería-electrónica,2020-11-21,Martha-garrett,F,46/Mar/26,"076-bennett-terrace-apt.-803
north-jenna,-oh-90460",Craigjessica@yahoo.com,9-de-julio
-universidad-abierta-interamericana,Licenciatura-en-ciencia-política-,2020-12-21,Jerry-russell,M,98/Jan/06,"93544-ramos-course
jamesville,-md-54102",Frenchsean@hotmail.com,Aceilan
-universidad-abierta-interamericana,Licenciatura-en-ciencia-política-,2020-12-21,Deborah-hill,F,89/Jul/04,"407-macdonald-place
rhondaborough,-id-95343",Melissaprice@gmail.com,Cangallo
-universidad-abierta-interamericana,Licenciatura-en-ciencias-geológicas,2020-09-21,Regina-livingston,F,08/Sep/27,"62668-kim-canyon
west-angelaton,-wa-14719",Cynthiapalmer@gmail.com,Barrio-don-santiago
-universidad-abierta-interamericana,Licenciatura-en-relaciones-del-trabajo-,2020-11-19,Jennifer-hernandez,F,79/Nov/14,"6493-myers-row-apt.-839
west-daniel,-id-25914",Fschneider@yahoo.com,Garin
-universidad-abierta-interamericana,Actuario-,2020-11-21,Todd-walsh,M,36/Jan/15,"891-jessica-forest
south-meghan,-mi-54615",Jessica92@yahoo.com,30-de-agosto
-universidad-abierta-interamericana,Licenciatura-en-ciencias-ambientales,2020-11-21,Theresa-hall,F,04/Feb/13,"0112-boone-port
port-matthew,-nd-38111",Sarah46@hotmail.com,Ingeniero-balbin
-universidad-abierta-interamericana,Licenciatura-en-relaciones-del-trabajo-,2020-10-19,Timothy-klein,M,40/Mar/24,"5280-corey-light-suite-307
taylorfurt,-nd-69386",Stevenfrost@yahoo.com,Arquedas
-universidad-abierta-interamericana,Agronomía,2020-11-19,Gregory-henry,M,99/May/31,"510-hartman-fall
lauraville,-md-38299",Ashepherd@yahoo.com,Colonia-velez
-universidad-abierta-interamericana,Ciencias-veterinarias,2020-11-21,John-martin,M,20/Jul/26,"79911-lindsay-mills
north-blake,-nv-35910",Bettycantrell@hotmail.com,Alejandro-korn
-universidad-abierta-interamericana,Licenciatura-en-kinesiología-y-fisiatría,2020-09-21,Robert-wilson,M,03/Feb/27,"97100-leah-wall
north-joseph,-va-96465",Fwaters@gmail.com,Catamontaña
-universidad-abierta-interamericana,Licenciatura-en-administración-,2020-09-21,Beverly-yoder,F,47/Mar/23,"5908-johnson-key-apt.-225
west-aaron,-il-43499",Gomezgabrielle@hotmail.com,11-de-mayo
-universidad-abierta-interamericana,Bioquímica,2020-09-20,Joshua-simpson,M,52/Aug/10,"779-stacey-centers-suite-506
bettymouth,-ct-90496",Brett13@hotmail.com,Adolfo-j-pomar
-universidad-abierta-interamericana,Licenciatura-en-ciencias-de-la-computación,2020-12-20,Tyler-rogers,M,79/Nov/04,"8612-drake-cove-suite-012
garciachester,-tn-15872",Yjones@yahoo.com,Diego-lopez
-universidad-abierta-interamericana,Ingeniería-mecánica,2020-12-21,Natasha-lowe,F,98/Sep/05,"60088-key-plains
north-jacqueline,-nj-55586",Zmoreno@gmail.com,Cañadon-lagarto
-universidad-abierta-interamericana,Licenciatura-en-musicoterapia,2020-12-19,Valerie-peters,F,00/May/31,"0954-daniel-flats
matthewport,-il-71861",Lewisronald@yahoo.com,Colonia-el-simbol
-universidad-abierta-interamericana,Agronomía,2021-01-21,Joseph-byrd,M,69/Apr/14,"96990-david-dale-apt.-835
port-randall,-fl-31989",Hardingnicole@gmail.com,Colonia-campo-piaggio
-universidad-abierta-interamericana,Licenciatura-en-ciencia-política-,2020-10-19,Christopher-carr,M,07/Jul/12,"Uscgc-anderson
fpo-ae-94536",Breyes@hotmail.com,Colonia-belga-americana
-universidad-abierta-interamericana,Licenciatura-en-terapia-ocupacional,2020-11-20,Clinton-herrera,M,17/Jul/24,"53217-elijah-mountain-suite-877
ortegabury,-ks-32243",Jack55@gmail.com,Villa-ruiz
-universidad-abierta-interamericana,Licenciatura-en-musicoterapia,2021-01-21,Fred-pearson,M,19/Jun/08,"Uss-rodgers
fpo-aa-65255",John83@gmail.com,9-de-julio
-universidad-abierta-interamericana,Licenciatura-en-sociología-,2020-11-21,Amanda-mullins,F,57/Aug/12,"88626-parker-island-suite-861
paynefurt,-or-38454",Adriennerobles@gmail.com,Cameron
-universidad-abierta-interamericana,Farmacia,2020-10-21,Roger-baker,M,03/Nov/13,"4698-miller-overpass
georgefort,-ut-78929",Bbender@gmail.com,Diego-de-alvear
-universidad-abierta-interamericana,Licenciatura-en-ciencia-política-,2020-10-21,Mathew-stone,M,14/Apr/27,"94897-ramirez-stravenue
south-josebury,-fl-70307",Burnettmatthew@yahoo.com,Alto-lindo
-universidad-abierta-interamericana,Contador-público-,2020-11-21,Gregory-berg,M,01/Apr/16,"00366-pacheco-isle-suite-268
gonzalezstad,-dc-58115",Ashleymccoy@gmail.com,Colonia-santa-rosa
-universidad-abierta-interamericana,Licenciatura-en-ciencias-ambientales,2020-11-20,Stacy-ramirez,F,20/Jun/22,"0681-katherine-circle-suite-682
jillton,-ga-84258",Salinasheather@gmail.com,Costa-brava
-universidad-abierta-interamericana,Actuario-,2020-11-19,Jeremy-wilson,M,04/Mar/15,"96793-brianna-fork
melissaland,-in-84352",Kelly21@gmail.com,Banda-varela
-universidad-abierta-interamericana,Arquitectura,2020-12-19,Tammy-mendez,F,15/May/04,"128-holland-forges
lake-tammy,-or-21705",Jacksonrachel@gmail.com,Villa-hipodromo
-universidad-abierta-interamericana,Contador-público-,2021-01-21,Ryan-graham,M,04/Feb/29,"887-jennifer-locks
fullerbury,-ri-68465",Gregory49@hotmail.com,Alto-las-lechuzas
-universidad-abierta-interamericana,Diseño-de-imagen-y-sonido,2020-10-19,Rachel-webb,F,97/Oct/18,"Psc-6534,-box-6949
apo-ae-65919",Jeffery18@gmail.com,Planchada-banderita
-universidad-abierta-interamericana,Licenciatura-en-planificación-y-diseño-del-paisaje,2020-10-19,Margaret-hess,F,37/Apr/12,"518-dougherty-drive-apt.-618
melissafort,-wi-87297",Pageadam@gmail.com,Cangrejillos
-universidad-abierta-interamericana,Licenciatura-en-kinesiología-y-fisiatría,2021-01-20,Shawn-dean,M,31/Apr/04,"4375-bradley-via
davidchester,-fl-85524",Aprilmoreno@hotmail.com,Los-cardos
-universidad-abierta-interamericana,Contador-público-,2021-01-20,Stacey-williams,F,34/Feb/26,"30893-fletcher-cliff
boydshire,-va-72330",Robertssamantha@hotmail.com,Cuartel-vii
-universidad-abierta-interamericana,Ingeniería-en-informática,2021-01-20,Lisa-rodriguez,F,70/Jun/15,"215-howard-pass
bennettton,-ca-99946",Pstewart@hotmail.com,Bonpland-norte
-universidad-abierta-interamericana,Bioquímica,2020-12-20,Paula-barnes,F,36/Jan/29,"55357-nichols-viaduct-apt.-270
south-jenniferberg,-me-44253",Davidlisa@yahoo.com,La-querencia
-universidad-abierta-interamericana,Licenciatura-en-ciencia-política-,2020-10-19,Grant-combs,M,57/Apr/26,"014-carter-lights-apt.-218
amyhaven,-co-45332",Twagner@yahoo.com,San-francisco-solano
-universidad-abierta-interamericana,Técnico-para-bioterios-,2020-11-20,Phillip-gutierrez,M,77/Dec/21,"Usns-knight
fpo-ae-05093",Palmertiffany@yahoo.com,Colonia-baron
-universidad-abierta-interamericana,Contador-público-,2020-11-21,Yvette-tate,F,80/Aug/29,"Psc-4743,-box-1699
apo-aa-34167",Carterjeremy@gmail.com,San-isidro
-universidad-abierta-interamericana,Agronomía,2020-10-21,Darrell-burnett,M,51/Mar/16,"Uss-campbell
fpo-ap-18135",Joneslawrence@gmail.com,Banfield
-universidad-abierta-interamericana,Licenciatura-en-ciencias-de-la-computación,2021-01-20,Christian-hays,M,46/Jan/11,"Unit-5723-box-3625
dpo-aa-15707",Ashley51@hotmail.com,De-bruyn
-universidad-abierta-interamericana,Licenciatura-en-musicoterapia,2021-01-21,Daniel-robinson,M,44/May/19,"2195-james-key-suite-511
new-erinport,-ca-27990",Mhuynh@yahoo.com,Gobernador-roca
-universidad-abierta-interamericana,Diseño-industrial,2021-01-20,Leonard-snyder,M,45/Sep/18,"7573-hughes-view-suite-383
new-stephanie,-nm-49366",Sandrawright@gmail.com,Achalco
-universidad-abierta-interamericana,Ingeniería-electrónica,2021-01-21,Amanda-ryan,F,14/Sep/07,"077-frederick-drives
port-jeffrey,-tn-65466",Ruiztodd@hotmail.com,Isidro-casanova
-universidad-abierta-interamericana,Ciencias-veterinarias,2020-09-20,Greg-wolf,M,12/Sep/02,"36392-james-orchard-suite-006
lambertton,-me-04714",Johnhughes@hotmail.com,Aldea-beleiro
-universidad-abierta-interamericana,Bioquímica,2020-11-19,Seth-peters,M,28/Jun/22,"1558-william-meadows
ashleyfurt,-ca-70249",Edwardjacobs@gmail.com,Villa-santos-tesei
-universidad-abierta-interamericana,Licenciatura-en-planificación-y-diseño-del-paisaje,2021-01-21,Joseph-mullen,M,83/Mar/08,"53083-james-spring-apt.-495
west-amanda,-in-27834",David60@hotmail.com,Balsa
-universidad-abierta-interamericana,Licenciatura-en-ciencia-política-,2020-11-20,Brian-andrews,M,06/Jan/09,"50460-boyer-burgs
port-michele,-in-26582",Jessica24@hotmail.com,Piamonte
-universidad-abierta-interamericana,Ingeniería-electrónica,2020-12-20,Carly-hill-md,F,33/Oct/06,"656-thomas-track-apt.-199
east-jenniferview,-sc-50899",Kwilson@yahoo.com,Los-laureles
-universidad-abierta-interamericana,Ingeniería-en-informática,2020-10-20,Melissa-miller,F,43/Nov/26,"13237-hood-coves
nashshire,-wy-29186",Jacquelinevasquez@hotmail.com,Algarrobo-grande
-universidad-abierta-interamericana,Actuario-,2020-09-20,Edward-mcmillan,M,89/Jul/22,"12472-owens-knolls
crystalburgh,-vt-06053",Davisjustin@hotmail.com,Catamontaña
-universidad-abierta-interamericana,Farmacia,2020-09-21,Benjamin-gallagher,M,14/Oct/30,"3314-rodney-meadows
port-april,-tx-30237",Woodssandra@gmail.com,Bauer-y-sigel
-universidad-abierta-interamericana,Agronomía,2021-01-21,Megan-bonilla,F,58/Aug/05,"8650-jones-parks
troystad,-wy-17212",Lcampbell@yahoo.com,Arenales
-universidad-abierta-interamericana,Licenciatura-en-producción-de-bioimagenes,2020-11-20,Edwin-hart,M,67/Jun/10,"211-diana-fort-apt.-815
lake-caleb,-mo-12329",Bkramer@gmail.com,Juan-f-ibarra
-universidad-abierta-interamericana,Licenciatura-en-terapia-ocupacional,2020-10-19,Erika-jensen,F,63/Jun/27,"174-sarah-stream
north-monique,-tn-19931",Hsmith@hotmail.com,Colonia-los-zapallos
-universidad-abierta-interamericana,Actuario-,2021-01-21,Stephanie-knight,F,62/Jan/01,"4577-cannon-plains-apt.-625
west-heather,-ma-53897",Ajuarez@hotmail.com,Ingeniero-allan
-universidad-abierta-interamericana,Bioquímica,2020-10-20,Andrew-ross,M,05/Mar/05,"4283-castro-highway-suite-089
fosterhaven,-nm-68426",Leefinley@yahoo.com,Cerro-aconcagua
-universidad-abierta-interamericana,Contador-público-,2020-12-21,Maria-carson,F,72/Mar/05,"350-randall-causeway-suite-311
north-christophertown,-sc-10785",Harrisbrittany@gmail.com,Arroyo-san-juan
-universidad-abierta-interamericana,Licenciatura-en-ciencia-y-tecnología-de-alimentos,2020-11-20,Jane-henderson,F,58/Jan/24,"Usnv-lucas
fpo-aa-88539",Rhondachaney@gmail.com,Colonia-la-oracion
-universidad-abierta-interamericana,Licenciatura-en-ciencia-y-tecnología-de-alimentos,2020-10-21,Sharon-lyons,F,94/Sep/13,"345-erik-mountain
west-yolanda,-hi-46376",Katherinelopez@hotmail.com,Coronel-pringles
-universidad-abierta-interamericana,Ingeniería-mecánica,2020-09-20,Michael-wolf,M,25/Feb/10,"824-jeremy-path
mcguireburgh,-nc-18495",Adam52@gmail.com,Angaco-norte
-universidad-abierta-interamericana,Técnico-para-bioterios-,2020-11-19,Adriana-white,F,88/Dec/13,"19596-wright-garden
jacksonport,-id-48854",Bakerian@yahoo.com,Avanzada
-universidad-abierta-interamericana,Licenciatura-en-artes,2020-12-20,Thomas-porter,M,02/Dec/11,"Usns-white
fpo-ap-55101",Coryjohnson@hotmail.com,Gobernador-duval
-universidad-abierta-interamericana,Licenciatura-en-sociología-,2020-09-21,Nancy-smith,F,63/Oct/22,"0282-vargas-springs
carrollville,-va-86255",Myersnicholas@gmail.com,Empalme-san-carlos
-universidad-abierta-interamericana,Licenciatura-en-producción-de-bioimagenes,2020-11-19,Zachary-james,M,22/Sep/14,"0818-stacey-parkway-suite-695
jamesborough,-ia-60300",Charles80@gmail.com,Las-palmas
-universidad-abierta-interamericana,Licenciatura-en-kinesiología-y-fisiatría,2020-10-21,Joseph-taylor,M,03/Dec/04,"4168-denise-court-suite-504
martinbury,-id-51267",Brandonpeterson@hotmail.com,Ezpeleta-este
-universidad-abierta-interamericana,Arquitectura,2020-10-20,Sara-brown,F,12/Jul/27,"9571-collins-circles-suite-250
lesliebury,-ct-22935",Joeturner@hotmail.com,Huanguelen
-universidad-abierta-interamericana,Ingeniería-electrónica,2020-10-19,Christy-knight,F,19/Jan/13,"940-brown-way-apt.-802
mcdanielshire,-de-81215",Alyssaramirez@hotmail.com,Colonia-sere
-universidad-abierta-interamericana,Ingeniería-en-informática,2020-10-20,James-johnson,M,99/Sep/25,"8813-rodriguez-junctions-suite-773
christopherland,-hi-89920",Santosantonio@yahoo.com,Alanices
-universidad-abierta-interamericana,Licenciatura-en-ciencias-antropológicas,2020-12-20,Angela-blankenship,F,87/Dec/02,"843-randolph-mill
port-heidi,-mi-02902",Jonathanshort@yahoo.com,Ambrosetti
-universidad-abierta-interamericana,Licenciatura-en-kinesiología-y-fisiatría,2020-12-20,Sheila-tran,F,19/Jul/24,"82896-victor-well-apt.-804
port-stephaniemouth,-or-47411",John96@gmail.com,Estacion-uspallata
-universidad-abierta-interamericana,Licenciatura-en-ciencias-biológicas,2021-01-21,Tamara-osborn,F,68/Jun/04,"491-gavin-lock-apt.-036
east-matthewtown,-al-10790",Davidgibson@gmail.com,Abra-verde
-universidad-abierta-interamericana,Técnico-para-bioterios-,2020-12-19,Derrick-roth,M,13/Aug/18,"41142-gilbert-knolls-suite-788
samuelshire,-va-21975",Cmcknight@yahoo.com,Alto-blanco
-universidad-abierta-interamericana,Bioquímica,2020-10-20,Eric-stewart,M,42/Sep/30,"467-scott-court-suite-159
colinhaven,-fl-70881",Robertsmarie@gmail.com,Bahia-san-blas
-universidad-abierta-interamericana,Diseño-de-imagen-y-sonido,2021-01-21,Robert-herring,M,06/Apr/10,"56494-fox-fall-suite-926
davidside,-ca-69322",Jeremy74@hotmail.com,Bajo-de-los-sueldos
-universidad-abierta-interamericana,Agronomía,2020-12-20,Chase-wilson,M,79/Dec/18,"726-jessica-islands
coxmouth,-wa-70474",Mark38@yahoo.com,Ayacucho
-universidad-abierta-interamericana,Licenciatura-en-terapia-ocupacional,2020-10-20,Nicole-garcia,F,56/Jun/03,"72337-andrea-ports-suite-339
west-katherineport,-il-39780",Tgreene@yahoo.com,Campo-coubert
-universidad-abierta-interamericana,Agronomía,2020-09-20,Allison-smith,F,01/Jun/20,"365-williams-fall-suite-228
west-kevin,-ca-75449",Jameslambert@gmail.com,Virrey-del-pino
-universidad-abierta-interamericana,Licenciatura-en-ciencias-ambientales,2020-11-19,Matthew-dunn,M,67/Jan/07,"80018-ingram-road
east-austin,-ct-04825",Piercedaniel@hotmail.com,Arroyo
-universidad-abierta-interamericana,Diseño-de-imagen-y-sonido,2020-09-21,Debbie-duncan,F,99/Jul/06,"521-poole-pines-apt.-285
janiceland,-mt-32964",Garzatim@yahoo.com,Rio-mayo
-universidad-abierta-interamericana,Licenciatura-en-terapia-ocupacional,2020-10-19,Megan-hall,F,43/Oct/17,"5624-lisa-pass
new-diana,-va-43162",Ybridges@hotmail.com,Casalins
-universidad-abierta-interamericana,Ciencias-veterinarias,2020-10-20,Erin-stevens,F,22/Jun/03,"9055-caroline-vista
lake-adamside,-la-03217",Smithkyle@hotmail.com,Valle-de-las-leñas
-universidad-abierta-interamericana,Licenciatura-en-ciencias-de-la-computación,2020-10-19,Andrew-serrano,M,54/Nov/16,"84197-hart-lakes-suite-040
east-matthewtown,-nv-10248",Rayperez@gmail.com,Alvarez
-universidad-abierta-interamericana,Licenciatura-en-ciencias-geológicas,2020-10-19,Charles-hamilton,M,47/Jan/03,"Uscgc-kelly
fpo-ap-39107",Malonesusan@yahoo.com,Achico
-universidad-abierta-interamericana,Licenciatura-en-psicología,2020-10-19,George-barnes,M,00/Feb/13,"7747-justin-cliff
north-anthony,-ri-81082",Traceyjohnson@gmail.com,Isla-victoria
-universidad-abierta-interamericana,Licenciatura-en-terapia-ocupacional,2020-10-19,Thomas-tapia,M,00/Oct/07,"978-lorraine-dam-suite-377
east-scotthaven,-ut-19083",Brookschristine@gmail.com,Juan-vucetich-ex-dr-r-levene
-universidad-abierta-interamericana,Licenciatura-en-administración-,2020-09-21,Lori-elliott,F,09/Oct/07,"647-ryan-stravenue-apt.-002
taylormouth,-sd-29146",Anthonywilliams@hotmail.com,Florida
-universidad-abierta-interamericana,Licenciatura-en-ciencias-de-la-computación,2021-01-20,Stephanie-lee,F,14/Oct/31,"52458-gregory-course
west-alexanderbury,-ct-15067",Schneiderbrian@hotmail.com,Kilometro-47
-universidad-abierta-interamericana,Licenciatura-en-producción-de-bioimagenes,2020-12-21,David-young,M,57/Jan/15,"43415-romero-union-apt.-173
davishaven,-ny-58947",Marymartinez@yahoo.com,El-zorro
-universidad-abierta-interamericana,Arquitectura,2021-01-20,Charles-kim,M,84/Aug/14,"39474-crystal-lodge
port-williamfurt,-in-60582",Amber60@hotmail.com,Fortin-irene
-universidad-abierta-interamericana,Licenciatura-en-producción-de-bioimagenes,2020-09-21,Ryan-gardner,M,88/Jan/01,"17599-wesley-plains-apt.-694
north-michael,-ri-03952",Velasquezgloria@hotmail.com,Colonia-1-de-mayo
-universidad-abierta-interamericana,Arquitectura,2020-10-19,Jennifer-strickland,F,72/Aug/22,"67728-conway-mall
destinymouth,-mn-79788",Angelageorge@yahoo.com,Apostoles
-universidad-abierta-interamericana,Licenciatura-en-producción-de-bioimagenes,2021-01-20,Francisco-mitchell,M,51/Jun/14,"949-nicole-road-apt.-119
williamsshire,-or-95118",Nathangarrett@gmail.com,9-de-julio
-universidad-abierta-interamericana,Licenciatura-en-musicoterapia,2021-01-20,Jeffrey-rogers,M,01/Dec/31,"499-david-run
west-shannonstad,-az-75314",Taylorlinda@gmail.com,Anguil
-universidad-abierta-interamericana,Técnico-para-bioterios-,2020-10-19,Jeremy-medina,M,14/Nov/03,"25197-kelly-center
zimmermanstad,-wa-82865",Barbararoberts@gmail.com,Belgrano
-universidad-abierta-interamericana,Ciencias-veterinarias,2021-01-20,Thomas-vazquez,M,81/Dec/02,"541-booth-harbor
johnville,-vt-72904",Petersjoshua@hotmail.com,Bahia-solano
-universidad-abierta-interamericana,Licenciatura-en-ciencias-de-la-computación,2020-11-19,Joshua-long,M,96/Oct/24,"510-phillip-road-apt.-944
priscillaview,-mi-51424",Donaldferguson@yahoo.com,Algarrobal
-universidad-abierta-interamericana,Ingeniería-mecánica,2020-10-21,Amy-olsen,F,09/Jan/22,"44979-sherry-locks-apt.-028
lake-jadeville,-nv-15470",Jallen@yahoo.com,Blanca-grande
-universidad-abierta-interamericana,Licenciatura-en-musicoterapia,2020-10-19,Randy-west,M,08/Oct/21,"4308-maria-fords
new-jeffreyhaven,-ut-14974",Ruben18@gmail.com,Almirante-brown
-universidad-abierta-interamericana,Diseño-industrial,2021-01-20,Laura-terry,F,43/Mar/04,"8807-laura-trace-suite-283
mikehaven,-co-64262",James97@yahoo.com,Graciarena
-universidad-abierta-interamericana,Diseño-industrial,2020-12-19,Carol-powell,F,81/Feb/16,"Uscgc-malone
fpo-ae-49671",Madisonstewart@gmail.com,Buena-esperanza
-universidad-abierta-interamericana,Técnico-para-bioterios-,2020-10-21,Joshua-harrison-md,M,21/Aug/14,"3677-norris-prairie-suite-236
east-keithfurt,-ne-39442",Woodwardpatrick@gmail.com,Carmen-de-areco
-universidad-abierta-interamericana,Contador-público-,2020-12-19,Shawn-craig,M,36/Nov/18,"90653-danielle-lake-suite-277
penaborough,-ms-41644",Iboyd@hotmail.com,Carbometal
-universidad-abierta-interamericana,Licenciatura-en-ciencias-antropológicas,2020-09-20,Matthew-mercado,M,88/Jun/26,"19571-shah-ports
north-dawn,-or-26456",Melaniecampbell@hotmail.com,Las-toninas
-universidad-abierta-interamericana,Licenciatura-en-ciencias-geológicas,2020-12-21,Scott-anderson,M,83/Sep/18,"215-nancy-shores-suite-728
shirleyfort,-vt-14404",Rebeccagarza@hotmail.com,Puerto-ojo-de-agua
-universidad-abierta-interamericana,Licenciatura-en-ciencias-de-la-educación-,2020-11-20,Mark-mendez,M,73/Jan/13,"538-travis-haven
lake-joshua,-fl-43593",Michael92@gmail.com,Agua-colorada
-universidad-abierta-interamericana,Diseño-de-imagen-y-sonido,2021-01-21,Jamie-turner,F,46/May/13,"27888-kennedy-port
south-davidfurt,-wv-41234",Cory49@yahoo.com,Est-jauregui-va-flandria
-universidad-abierta-interamericana,Licenciatura-en-terapia-ocupacional,2021-01-20,Christopher-huff,M,16/May/26,"569-donald-shoal-suite-573
east-jennifer,-me-84828",Margaretpena@gmail.com,Coronel-pringles
-universidad-abierta-interamericana,Licenciatura-en-sociología-,2020-11-21,Mark-barton,M,33/Dec/29,"401-gonzalez-run
east-rachael,-nm-07643",Ajohnson@hotmail.com,Cañadon-de-los-indios
-universidad-abierta-interamericana,Ingeniería-mecánica,2020-11-21,Carol-williams,F,16/Jun/16,"735-adam-plains-apt.-919
robinsonhaven,-nm-90764",Allisonpadilla@hotmail.com,Juan-vucetich-ex-dr-r-levene
-universidad-abierta-interamericana,Farmacia,2020-10-20,Randall-flores,M,70/Jun/10,"30441-rodriguez-glen-apt.-468
fordland,-al-58444",Hrussell@gmail.com,Centro-agricola-el-pato
-universidad-abierta-interamericana,Licenciatura-en-artes,2021-01-20,Micheal-kelly,M,79/Feb/27,"8423-marissa-roads-suite-482
leefurt,-ma-70235",Josephjohnson@gmail.com,Agua-de-la-piedra
-universidad-abierta-interamericana,Ingeniería-mecánica,2020-10-21,Kimberly-duffy,F,41/Dec/10,"194-shields-hill-suite-915
davidburgh,-al-50048",Wileykara@gmail.com,Alfalad
-universidad-abierta-interamericana,Contador-público-,2020-12-20,Robert-dyer,M,60/Sep/23,"05128-anderson-junctions-apt.-052
jacobsonfort,-pa-46843",Akelly@yahoo.com,Planicie-banderita
-universidad-abierta-interamericana,Licenciatura-en-psicología,2020-09-21,Eileen-simon,F,03/Jul/01,"8861-lewis-union
belindatown,-ks-85688",Sean97@gmail.com,Asuncion
-universidad-abierta-interamericana,Licenciatura-en-ciencias-ambientales,2020-09-20,Joseph-harris,M,93/Oct/28,"164-jennifer-spring-apt.-995
port-adam,-ct-81010",Brittney56@gmail.com,Asuncion
-universidad-abierta-interamericana,Bioquímica,2020-11-20,Janice-dillon,F,59/May/08,"06529-christensen-valley
bergfurt,-mt-97451",Mitchelljonathan@gmail.com,Barrio-carosio
-universidad-abierta-interamericana,Licenciatura-en-ciencias-geológicas,2021-01-20,Mark-russell,M,56/Jul/15,"59092-luis-center
west-devin,-tx-63453",Wigginsthomas@gmail.com,Las-quintas
-universidad-abierta-interamericana,Bioquímica,2020-09-21,Robert-robinson,M,80/Aug/16,"4183-tammy-cove
port-dalton,-co-79666",Timothy03@hotmail.com,Estrada
-universidad-abierta-interamericana,Ingeniería-mecánica,2020-12-19,Dr.-carmen-martinez,F,10/Feb/28,"54543-jeremy-villages
whitemouth,-nd-75192",Bcantu@gmail.com,Colonia-lote-12
-universidad-abierta-interamericana,Licenciatura-en-musicoterapia,2020-11-21,Douglas-young,M,33/Apr/23,"35073-jones-ports-apt.-482
louisburgh,-fl-20486",Hortonjennifer@gmail.com,La-rosa
-universidad-abierta-interamericana,Licenciatura-en-ciencia-política-,2020-11-20,Evan-dickson,M,07/Nov/06,"0850-craig-trail-apt.-233
north-rodney,-mo-46064",Zunigawilliam@hotmail.com,Villa-de-mayo
-universidad-abierta-interamericana,Ingeniería-mecánica,2020-10-20,Tanya-coleman,F,30/Feb/03,"70879-jessica-forge
michellestad,-wy-29472",Xknight@gmail.com,Colonia-california
-universidad-abierta-interamericana,Técnico-para-bioterios-,2020-12-19,Angela-ward,F,59/May/11,"514-rivera-squares
melissaborough,-pa-14988",Brandonjones@hotmail.com,Cura-malal
-universidad-abierta-interamericana,Licenciatura-en-gestión-de-agroalimentos,2020-10-19,Willie-white,M,21/Feb/06,"Unit-7559-box-7655
dpo-aa-47847",Scott32@hotmail.com,Diego-lopez
-universidad-abierta-interamericana,Ingeniería-en-informática,2020-11-19,Olivia-hill,F,48/Nov/29,"36197-dawn-lights-apt.-369
north-john,-in-96064",Pboyle@yahoo.com,Badano
-universidad-abierta-interamericana,Ingeniería-mecánica,2021-01-21,Margaret-armstrong,F,59/Aug/13,"491-andrews-knoll
new-joseph,-va-82374",Ttaylor@gmail.com,Agua-de-la-mula
-universidad-abierta-interamericana,Diseño-de-imagen-y-sonido,2020-11-20,Mark-kelly,M,22/Nov/29,"24216-joseph-place-suite-335
new-kathleenstad,-wa-89381",Gonzaleskim@gmail.com,Aero-club-rosario
-universidad-abierta-interamericana,Farmacia,2020-09-21,Brittany-taylor,F,77/Aug/04,"841-berry-corners
melissahaven,-wy-98364",Carolflores@yahoo.com,Arauco
-universidad-abierta-interamericana,Licenciatura-en-ciencia-y-tecnología-de-alimentos,2020-10-20,Eric-buchanan,M,92/Oct/24,"Usns-chang
fpo-ae-41746",Lauren05@yahoo.com,Adolfo-gonzales-chaves
-universidad-abierta-interamericana,Licenciatura-en-ciencias-ambientales,2020-11-21,Alexis-crawford,F,20/Nov/10,"37063-barnes-well-suite-098
lopezmouth,-ia-09704",Josephmullins@yahoo.com,Costa-del-este
-universidad-abierta-interamericana,Licenciatura-en-ciencias-geológicas,2021-01-20,Alice-jordan,F,61/Jun/03,"1304-rodriguez-ports
west-jerry,-sd-53916",Maryjones@hotmail.com,Cucha-cucha
-universidad-abierta-interamericana,Actuario-,2020-09-20,Paul-english,M,61/Mar/08,"1420-floyd-shore
north-brittany,-al-34014",Stephanie14@gmail.com,Barrio-belgrano
-universidad-abierta-interamericana,Licenciatura-en-kinesiología-y-fisiatría,2020-11-21,David-becker,M,33/Jun/07,"5690-garcia-walks
carolton,-tn-66865",Tracey55@gmail.com,Bañadito-viejo
-universidad-abierta-interamericana,Licenciatura-en-relaciones-del-trabajo-,2020-12-19,Jeremiah-lawson,M,77/Dec/25,"453-mark-mountains
jonestown,-ak-42168",Yfoster@yahoo.com,Colonia-san-francisco
-universidad-abierta-interamericana,Ciencias-veterinarias,2020-10-19,Brenda-delgado,F,08/Aug/23,"328-stephen-grove
new-kelli,-nj-55788",Warmstrong@hotmail.com,El-jumeal
-universidad-abierta-interamericana,Licenciatura-en-artes,2020-10-19,Kevin-thornton,M,49/Dec/08,"99180-stone-views
christinaburgh,-ky-45968",Jacqueline11@gmail.com,La-lucila
-universidad-abierta-interamericana,Arquitectura,2021-01-20,Casey-woodward,F,33/Apr/02,"50246-duncan-oval-suite-294
hallhaven,-mn-50241",Tateaaron@gmail.com,Arenales
-universidad-abierta-interamericana,Licenciatura-en-administración-,2020-10-19,Jonathan-ruiz,M,21/Jun/02,"6877-williams-square-apt.-120
nancyland,-al-77168",Georgejones@hotmail.com,Bajo-caracoles
-universidad-abierta-interamericana,Licenciatura-en-gestión-de-agroalimentos,2020-11-20,Heather-price,F,69/Sep/12,"857-sharon-groves
austinton,-la-85229",Milesstephen@gmail.com,El-perdido-est-jose-guisasola
-universidad-abierta-interamericana,Licenciatura-en-producción-de-bioimagenes,2020-12-19,William-rosario,M,95/Feb/27,"7888-moon-run
port-lauren,-mo-54896",Ryan63@hotmail.com,Casablanca
-universidad-abierta-interamericana,Licenciatura-en-psicología,2020-10-19,Emily-reese,F,37/Aug/18,"Uscgc-davis
fpo-ap-85821",Kellyyvette@hotmail.com,Costa-del-rio-azul
-universidad-abierta-interamericana,Técnico-para-bioterios-,2021-01-21,Christopher-johnson,M,76/Jul/02,"418-nathan-garden
smithshire,-ri-30434",Stewartgary@yahoo.com,El-carmen
-universidad-abierta-interamericana,Farmacia,2020-11-20,Nicole-webb,F,00/Sep/11,"19374-cheryl-parks-apt.-018
port-jason,-md-17452",Pmedina@hotmail.com,Las-palmas
-universidad-abierta-interamericana,Licenciatura-en-ciencias-biológicas,2020-10-21,Jason-phelps,M,11/Sep/02,"9642-wanda-loop-apt.-104
paynebury,-la-01557",Rhendricks@yahoo.com,Adrogue
-universidad-abierta-interamericana,Licenciatura-en-ciencias-de-la-educación-,2020-09-20,Gary-becker,M,12/Sep/18,"Unit-8526-box-2399
dpo-ae-51678",Rebeccaray@yahoo.com,Algarrobal-abajo
-universidad-abierta-interamericana,Bioquímica,2020-10-20,Gregory-duncan,M,33/Jun/03,"155-christopher-shoals
osbornehaven,-wv-67045",Jennifermontgomery@hotmail.com,Colonia-jauregui
